sample_id,timestamp,tds_mg_l,turbidity_ntu,r_tds,r_turb,ari,ass_score,ground_truth,ml_predicted_risk,led_indicator,com_port
REAL-COM20-LOW_-00001,2026-09-19 16:14:50.670,0.0,2066.8,0.0,688.9333,344.47,0.3,Low Risk,Moderate Risk,YELLOW,COM20
REAL-COM20-LOW_-00002,2026-09-19 16:14:50.670,0.0,2076.68,0.0,692.2267,346.11,0.3,Low Risk,Moderate Risk,YELLOW,COM20
REAL-COM20-LOW_-00003,2026-09-19 16:14:50.670,0.0,2060.02,0.0,686.6733,343.34,0.3,Low Risk,Moderate Risk,YELLOW,COM20
REAL-COM20-LOW_-00004,2026-09-19 16:14:50.670,0.0,2052.38,0.0,684.1267,342.06,0.3,Low Risk,Moderate Risk,YELLOW,COM20
REAL-COM20-LOW_-00005,2026-09-19 16:14:50.677,0.0,2022.47,0.0,674.1567,337.08,0.3,Low Risk,Moderate Risk,YELLOW,COM20
REAL-COM20-LOW_-00006,2026-09-19 16:14:50.678,0.15,1990.04,0.0005,663.3467,331.67,0.3,Low Risk,Moderate Risk,YELLOW,COM20
REAL-COM20-LOW_-00007,2026-09-19 16:14:50.678,0.0,1966.49,0.0,655.4967,327.75,0.3,Low Risk,Moderate Risk,YELLOW,COM20
REAL-COM20-LOW_-00008,2026-09-19 16:14:50.679,0.0,1986.78,0.0,662.26,331.13,0.3,Low Risk,Moderate Risk,YELLOW,COM20
REAL-COM20-LOW_-00009,2026-09-19 16:14:50.680,0.0,1992.85,0.0,664.2833,332.14,0.3,Low Risk,Moderate Risk,YELLOW,COM20
REAL-COM20-LOW_-00010,2026-09-19 16:14:50.680,0.0,1987.75,0.0,662.5833,331.29,0.3,Low Risk,Moderate Risk,YELLOW,COM20
REAL-COM20-LOW_-00011,2026-09-19 16:14:50.775,0.0,1999.35,0.0,666.45,333.23,0.3,Low Risk,Moderate Risk,YELLOW,COM20
REAL-COM20-LOW_-00012,2026-09-19 16:14:50.976,0.0,1993.59,0.0,664.53,332.26,0.3,Low Risk,Moderate Risk,YELLOW,COM20
REAL-COM20-LOW_-00013,2026-09-19 16:14:51.174,0.0,2008.05,0.0,669.35,334.68,0.3,Low Risk,Moderate Risk,YELLOW,COM20
REAL-COM20-LOW_-00014,2026-09-19 16:14:51.376,0.0,1994.5,0.0,664.8333,332.42,0.3,Low Risk,Moderate Risk,YELLOW,COM20
REAL-COM20-LOW_-00015,2026-09-19 16:14:51.572,0.0,1991.01,0.0,663.67,331.84,0.3,Low Risk,Moderate Risk,YELLOW,COM20
REAL-COM20-LOW_-00016,2026-09-19 16:14:51.773,0.0,2003.68,0.0,667.8933,333.95,0.3,Low Risk,Moderate Risk,YELLOW,COM20
REAL-COM20-LOW_-00017,2026-09-19 16:14:51.972,0.0,2003.68,0.0,667.8933,333.95,0.3,Low Risk,Moderate Risk,YELLOW,COM20
REAL-COM20-LOW_-00018,2026-09-19 16:14:52.173,0.0,2000.78,0.0,666.9267,333.46,0.3,Low Risk,Moderate Risk,YELLOW,COM20
REAL-COM20-LOW_-00019,2026-09-19 16:14:52.374,0.0,2019.03,0.0,673.01,336.51,0.3,Low Risk,Moderate Risk,YELLOW,COM20
REAL-COM20-LOW_-00020,2026-09-19 16:14:52.566,0.0,1994.22,0.0,664.74,332.37,0.3,Low Risk,Moderate Risk,YELLOW,COM20
REAL-COM20-LOW_-00021,2026-09-19 16:14:52.767,0.0,2013.15,0.0,671.05,335.53,0.3,Low Risk,Moderate Risk,YELLOW,COM20
REAL-COM20-LOW_-00022,2026-09-19 16:14:52.976,0.0,1989.98,0.0,663.3267,331.66,0.3,Low Risk,Moderate Risk,YELLOW,COM20
REAL-COM20-LOW_-00023,2026-09-19 16:14:53.175,0.0,1971.12,0.0,657.04,328.52,0.3,Low Risk,Moderate Risk,YELLOW,COM20
REAL-COM20-LOW_-00024,2026-09-19 16:14:53.374,0.0,1971.98,0.0,657.3267,328.66,0.3,Low Risk,Moderate Risk,YELLOW,COM20
REAL-COM20-LOW_-00025,2026-09-19 16:14:53.572,0.0,1981.95,0.0,660.65,330.33,0.3,Low Risk,Moderate Risk,YELLOW,COM20
REAL-COM20-LOW_-00026,2026-09-19 16:14:53.774,0.0,1978.79,0.0,659.5967,329.8,0.3,Low Risk,Moderate Risk,YELLOW,COM20
REAL-COM20-LOW_-00027,2026-09-19 16:14:53.975,0.0,1984.82,0.0,661.6067,330.8,0.3,Low Risk,Moderate Risk,YELLOW,COM20
REAL-COM20-LOW_-00028,2026-09-19 16:14:54.167,0.0,1960.75,0.0,653.5833,326.79,0.3,Low Risk,Moderate Risk,YELLOW,COM20
REAL-COM20-LOW_-00029,2026-09-19 16:14:54.367,0.0,1963.53,0.0,654.51,327.26,0.3,Low Risk,Moderate Risk,YELLOW,COM20
REAL-COM20-LOW_-00030,2026-09-19 16:14:54.570,0.0,1984.77,0.0,661.59,330.79,0.3,Low Risk,Moderate Risk,YELLOW,COM20
REAL-COM20-LOW_-00031,2026-09-19 16:14:54.772,0.0,1972.44,0.0,657.48,328.74,0.3,Low Risk,Moderate Risk,YELLOW,COM20
REAL-COM20-LOW_-00032,2026-09-19 16:14:54.975,0.0,1991.01,0.0,663.67,331.84,0.3,Low Risk,Moderate Risk,YELLOW,COM20
REAL-COM20-LOW_-00033,2026-09-19 16:14:55.175,0.0,1976.77,0.0,658.9233,329.46,0.3,Low Risk,Moderate Risk,YELLOW,COM20
REAL-COM20-LOW_-00034,2026-09-19 16:14:55.373,0.0,1997.01,0.0,665.67,332.84,0.3,Low Risk,Moderate Risk,YELLOW,COM20
REAL-COM20-LOW_-00035,2026-09-19 16:14:55.569,0.0,1993.47,0.0,664.49,332.25,0.3,Low Risk,Moderate Risk,YELLOW,COM20
REAL-COM20-LOW_-00036,2026-09-19 16:14:55.776,0.0,1992.56,0.0,664.1867,332.09,0.3,Low Risk,Moderate Risk,YELLOW,COM20
REAL-COM20-LOW_-00037,2026-09-19 16:14:55.971,0.0,1985.97,0.0,661.99,331.0,0.3,Low Risk,Moderate Risk,YELLOW,COM20
REAL-COM20-LOW_-00038,2026-09-19 16:14:56.175,0.0,1994.79,0.0,664.93,332.46,0.3,Low Risk,Moderate Risk,YELLOW,COM20
REAL-COM20-LOW_-00039,2026-09-19 16:14:56.375,0.0,2002.43,0.0,667.4767,333.74,0.3,Low Risk,Moderate Risk,YELLOW,COM20
REAL-COM20-LOW_-00040,2026-09-19 16:14:56.576,0.0,1964.46,0.0,654.82,327.41,0.3,Low Risk,Moderate Risk,YELLOW,COM20
REAL-COM20-LOW_-00041,2026-09-19 16:14:56.775,0.0,1965.21,0.0,655.07,327.54,0.3,Low Risk,Moderate Risk,YELLOW,COM20
REAL-COM20-LOW_-00042,2026-09-19 16:14:56.975,0.0,1993.93,0.0,664.6433,332.32,0.3,Low Risk,Moderate Risk,YELLOW,COM20
REAL-COM20-LOW_-00043,2026-09-19 16:14:57.167,0.0,1992.39,0.0,664.13,332.06,0.3,Low Risk,Moderate Risk,YELLOW,COM20
REAL-COM20-LOW_-00044,2026-09-19 16:14:57.372,0.0,1976.77,0.0,658.9233,329.46,0.3,Low Risk,Moderate Risk,YELLOW,COM20
REAL-COM20-LOW_-00045,2026-09-19 16:14:57.576,0.0,1973.54,0.0,657.8467,328.92,0.3,Low Risk,Moderate Risk,YELLOW,COM20
REAL-COM20-LOW_-00046,2026-09-19 16:14:57.774,0.0,1982.76,0.0,660.92,330.46,0.3,Low Risk,Moderate Risk,YELLOW,COM20
REAL-COM20-LOW_-00047,2026-09-19 16:14:57.975,0.0,1973.95,0.0,657.9833,328.99,0.3,Low Risk,Moderate Risk,YELLOW,COM20
REAL-COM20-LOW_-00048,2026-09-19 16:14:58.176,0.0,1980.28,0.0,660.0933,330.05,0.3,Low Risk,Moderate Risk,YELLOW,COM20
REAL-COM20-LOW_-00049,2026-09-19 16:14:58.374,0.0,1963.24,0.0,654.4133,327.21,0.3,Low Risk,Moderate Risk,YELLOW,COM20
REAL-COM20-LOW_-00050,2026-09-19 16:14:58.573,0.0,1961.85,0.0,653.95,326.97,0.3,Low Risk,Moderate Risk,YELLOW,COM20
REAL-COM20-LOW_-00051,2026-09-19 16:14:58.769,0.0,1970.25,0.0,656.75,328.37,0.3,Low Risk,Moderate Risk,YELLOW,COM20
REAL-COM20-LOW_-00052,2026-09-19 16:14:58.973,0.0,1969.61,0.0,656.5367,328.27,0.3,Low Risk,Moderate Risk,YELLOW,COM20
REAL-COM20-LOW_-00053,2026-09-19 16:14:59.176,0.0,1969.27,0.0,656.4233,328.21,0.3,Low Risk,Moderate Risk,YELLOW,COM20
REAL-COM20-LOW_-00054,2026-09-19 16:14:59.372,0.0,1971.41,0.0,657.1367,328.57,0.3,Low Risk,Moderate Risk,YELLOW,COM20
REAL-COM20-LOW_-00055,2026-09-19 16:14:59.568,0.0,1972.5,0.0,657.5,328.75,0.3,Low Risk,Moderate Risk,YELLOW,COM20
REAL-COM20-LOW_-00056,2026-09-19 16:14:59.767,0.0,1971.75,0.0,657.25,328.63,0.3,Low Risk,Moderate Risk,YELLOW,COM20
REAL-COM20-LOW_-00057,2026-09-19 16:14:59.971,0.0,1972.44,0.0,657.48,328.74,0.3,Low Risk,Moderate Risk,YELLOW,COM20
REAL-COM20-LOW_-00058,2026-09-19 16:15:00.176,0.0,1973.72,0.0,657.9067,328.95,0.3,Low Risk,Moderate Risk,YELLOW,COM20
REAL-COM20-LOW_-00059,2026-09-19 16:15:00.367,0.0,1970.77,0.0,656.9233,328.46,0.3,Low Risk,Moderate Risk,YELLOW,COM20
REAL-COM20-LOW_-00060,2026-09-19 16:15:00.572,0.0,1969.44,0.0,656.48,328.24,0.3,Low Risk,Moderate Risk,YELLOW,COM20
REAL-COM20-LOW_-00061,2026-09-19 16:15:00.767,0.0,1987.41,0.0,662.47,331.23,0.3,Low Risk,Moderate Risk,YELLOW,COM20
REAL-COM20-LOW_-00062,2026-09-19 16:15:00.972,0.0,1988.84,0.0,662.9467,331.47,0.3,Low Risk,Moderate Risk,YELLOW,COM20
REAL-COM20-LOW_-00063,2026-09-19 16:15:01.172,0.0,1978.79,0.0,659.5967,329.8,0.3,Low Risk,Moderate Risk,YELLOW,COM20
REAL-COM20-LOW_-00064,2026-09-19 16:15:01.372,0.0,1981.09,0.0,660.3633,330.18,0.3,Low Risk,Moderate Risk,YELLOW,COM20
REAL-COM20-LOW_-00065,2026-09-19 16:15:01.573,0.0,1997.13,0.0,665.71,332.85,0.3,Low Risk,Moderate Risk,YELLOW,COM20
REAL-COM20-LOW_-00066,2026-09-19 16:15:01.776,0.0,1992.27,0.0,664.09,332.05,0.3,Low Risk,Moderate Risk,YELLOW,COM20
REAL-COM20-LOW_-00067,2026-09-19 16:15:01.973,0.0,1985.69,0.0,661.8967,330.95,0.3,Low Risk,Moderate Risk,YELLOW,COM20
REAL-COM20-LOW_-00068,2026-09-19 16:15:02.167,0.0,1986.55,0.0,662.1833,331.09,0.3,Low Risk,Moderate Risk,YELLOW,COM20
REAL-COM20-LOW_-00069,2026-09-19 16:15:02.367,0.0,1966.66,0.0,655.5533,327.78,0.3,Low Risk,Moderate Risk,YELLOW,COM20
REAL-COM20-LOW_-00070,2026-09-19 16:15:02.569,0.0,1863.75,0.0,621.25,310.62,0.3,Low Risk,Moderate Risk,YELLOW,COM20
REAL-COM20-LOW_-00071,2026-09-19 16:15:02.772,0.0,1702.81,0.0,567.6033,283.8,0.4,Low Risk,Moderate Risk,YELLOW,COM20
REAL-COM20-LOW_-00072,2026-09-19 16:15:02.976,0.0,1642.85,0.0,547.6167,273.81,0.4,Low Risk,Moderate Risk,YELLOW,COM20
REAL-COM20-LOW_-00073,2026-09-19 16:15:03.172,0.0,1587.17,0.0,529.0567,264.53,0.4,Low Risk,Moderate Risk,YELLOW,COM20
REAL-COM20-LOW_-00074,2026-09-19 16:15:03.376,0.0,1568.36,0.0,522.7867,261.39,0.4,Low Risk,Moderate Risk,YELLOW,COM20
REAL-COM20-LOW_-00075,2026-09-19 16:15:03.570,0.0,1641.13,0.0,547.0433,273.52,0.4,Low Risk,Moderate Risk,YELLOW,COM20
REAL-COM20-LOW_-00076,2026-09-19 16:15:03.772,0.0,1527.81,0.0,509.27,254.63,0.4,Low Risk,Moderate Risk,YELLOW,COM20
REAL-COM20-LOW_-00077,2026-09-19 16:15:03.974,0.0,1475.32,0.0,491.7733,245.89,0.4,Low Risk,Moderate Risk,YELLOW,COM20
REAL-COM20-LOW_-00078,2026-09-19 16:15:04.176,0.0,1438.9,0.0,479.6333,239.82,0.4,Low Risk,Moderate Risk,YELLOW,COM20
REAL-COM20-LOW_-00079,2026-09-19 16:15:04.375,0.0,1360.11,0.0,453.37,226.68,0.4,Low Risk,Moderate Risk,YELLOW,COM20
REAL-COM20-LOW_-00080,2026-09-19 16:15:04.574,0.0,1383.5,0.0,461.1667,230.58,0.4,Low Risk,Moderate Risk,YELLOW,COM20
REAL-COM20-LOW_-00081,2026-09-19 16:15:04.775,0.0,1348.2,0.0,449.4,224.7,0.4,Low Risk,Moderate Risk,YELLOW,COM20
REAL-COM20-LOW_-00082,2026-09-19 16:15:04.976,0.0,1366.59,0.0,455.53,227.77,0.4,Low Risk,Moderate Risk,YELLOW,COM20
REAL-COM20-LOW_-00083,2026-09-19 16:15:05.176,0.0,1346.74,0.0,448.9133,224.46,0.4,Low Risk,Moderate Risk,YELLOW,COM20
REAL-COM20-LOW_-00084,2026-09-19 16:15:05.374,0.0,1350.4,0.0,450.1333,225.07,0.4,Low Risk,Moderate Risk,YELLOW,COM20
REAL-COM20-LOW_-00085,2026-09-19 16:15:05.572,0.0,1358.8,0.0,452.9333,226.47,0.4,Low Risk,Moderate Risk,YELLOW,COM20
REAL-COM20-LOW_-00086,2026-09-19 16:15:05.772,0.0,1352.01,0.0,450.67,225.33,0.4,Low Risk,Moderate Risk,YELLOW,COM20
REAL-COM20-LOW_-00087,2026-09-19 16:15:05.973,0.0,1381.11,0.0,460.37,230.19,0.4,Low Risk,Moderate Risk,YELLOW,COM20
REAL-COM20-LOW_-00088,2026-09-19 16:15:06.176,0.0,1387.84,0.0,462.6133,231.31,0.4,Low Risk,Moderate Risk,YELLOW,COM20
REAL-COM20-LOW_-00089,2026-09-19 16:15:06.375,0.0,1396.07,0.0,465.3567,232.68,0.4,Low Risk,Moderate Risk,YELLOW,COM20
REAL-COM20-LOW_-00090,2026-09-19 16:15:06.574,0.0,1426.71,0.0,475.57,237.79,0.4,Low Risk,Moderate Risk,YELLOW,COM20
REAL-COM20-LOW_-00091,2026-09-19 16:15:06.767,0.0,1454.8,0.0,484.9333,242.47,0.4,Low Risk,Moderate Risk,YELLOW,COM20
REAL-COM20-LOW_-00092,2026-09-19 16:15:06.975,0.0,1533.74,0.0,511.2467,255.62,0.4,Low Risk,Moderate Risk,YELLOW,COM20
REAL-COM20-LOW_-00093,2026-09-19 16:15:07.176,0.0,1481.58,0.0,493.86,246.93,0.4,Low Risk,Moderate Risk,YELLOW,COM20
REAL-COM20-LOW_-00094,2026-09-19 16:15:07.372,0.0,1468.14,0.0,489.38,244.69,0.4,Low Risk,Moderate Risk,YELLOW,COM20
REAL-COM20-LOW_-00095,2026-09-19 16:15:07.576,0.0,1458.19,0.0,486.0633,243.03,0.4,Low Risk,Moderate Risk,YELLOW,COM20
REAL-COM20-LOW_-00096,2026-09-19 16:15:07.771,0.0,1470.47,0.0,490.1567,245.08,0.4,Low Risk,Moderate Risk,YELLOW,COM20
REAL-COM20-LOW_-00097,2026-09-19 16:15:07.969,0.0,1463.35,0.0,487.7833,243.89,0.4,Low Risk,Moderate Risk,YELLOW,COM20
REAL-COM20-LOW_-00098,2026-09-19 16:15:08.176,124.92,1409.96,0.4164,469.9867,235.2,0.4,Low Risk,Moderate Risk,YELLOW,COM20
REAL-COM20-LOW_-00099,2026-09-19 16:15:08.371,123.55,1427.0,0.4118,475.6667,238.04,0.4,Low Risk,Moderate Risk,YELLOW,COM20
REAL-COM20-LOW_-00100,2026-09-19 16:15:08.575,125.25,1396.94,0.4175,465.6467,233.03,0.4,Low Risk,Moderate Risk,YELLOW,COM20
REAL-COM20-LOW_-00101,2026-09-19 16:15:08.777,126.06,1421.35,0.4202,473.7833,237.1,0.4,Low Risk,Moderate Risk,YELLOW,COM20
REAL-COM20-LOW_-00102,2026-09-19 16:15:08.971,122.53,1385.53,0.4084,461.8433,231.13,0.4,Low Risk,Moderate Risk,YELLOW,COM20
REAL-COM20-LOW_-00103,2026-09-19 16:15:09.176,123.67,1425.36,0.4122,475.12,237.77,0.4,Low Risk,Moderate Risk,YELLOW,COM20
REAL-COM20-LOW_-00104,2026-09-19 16:15:09.376,131.23,1398.02,0.4374,466.0067,233.22,0.4,Low Risk,Moderate Risk,YELLOW,COM20
REAL-COM20-LOW_-00105,2026-09-19 16:15:09.576,138.3,1391.96,0.461,463.9867,232.22,0.4,Low Risk,Moderate Risk,YELLOW,COM20
REAL-COM20-LOW_-00106,2026-09-19 16:15:09.776,139.35,1375.09,0.4645,458.3633,229.41,0.4,Low Risk,Moderate Risk,YELLOW,COM20
REAL-COM20-LOW_-00107,2026-09-19 16:15:09.972,137.11,1385.46,0.457,461.82,231.14,0.4,Low Risk,Moderate Risk,YELLOW,COM20
REAL-COM20-LOW_-00108,2026-09-19 16:15:10.172,136.99,1363.39,0.4566,454.4633,227.46,0.4,Low Risk,Moderate Risk,YELLOW,COM20
REAL-COM20-LOW_-00109,2026-09-19 16:15:10.370,124.7,1391.45,0.4157,463.8167,232.12,0.4,Low Risk,Moderate Risk,YELLOW,COM20
REAL-COM20-LOW_-00110,2026-09-19 16:15:10.571,137.91,1384.37,0.4597,461.4567,230.96,0.4,Low Risk,Moderate Risk,YELLOW,COM20
REAL-COM20-LOW_-00111,2026-09-19 16:15:10.776,107.52,1352.37,0.3584,450.79,225.57,0.4,Low Risk,Moderate Risk,YELLOW,COM20
REAL-COM20-LOW_-00112,2026-09-19 16:15:10.973,47.51,1353.83,0.1584,451.2767,225.72,0.4,Low Risk,Moderate Risk,YELLOW,COM20
REAL-COM20-LOW_-00113,2026-09-19 16:15:11.176,12.66,1342.57,0.0422,447.5233,223.78,0.4,Low Risk,Moderate Risk,YELLOW,COM20
REAL-COM20-LOW_-00114,2026-09-19 16:15:11.374,1.14,1338.46,0.0038,446.1533,223.08,0.4,Low Risk,Moderate Risk,YELLOW,COM20
REAL-COM20-LOW_-00115,2026-09-19 16:15:11.572,1.23,1389.22,0.0041,463.0733,231.54,0.4,Low Risk,Moderate Risk,YELLOW,COM20
REAL-COM20-LOW_-00116,2026-09-19 16:15:11.776,0.24,1345.13,0.0008,448.3767,224.19,0.4,Low Risk,Moderate Risk,YELLOW,COM20
REAL-COM20-LOW_-00117,2026-09-19 16:15:11.971,0.02,1375.75,0.0001,458.5833,229.29,0.4,Low Risk,Moderate Risk,YELLOW,COM20
REAL-COM20-LOW_-00118,2026-09-19 16:15:12.173,0.71,1337.43,0.0024,445.81,222.91,0.4,Low Risk,Moderate Risk,YELLOW,COM20
REAL-COM20-LOW_-00119,2026-09-19 16:15:12.372,1.42,1344.03,0.0047,448.01,224.01,0.4,Low Risk,Moderate Risk,YELLOW,COM20
REAL-COM20-LOW_-00120,2026-09-19 16:15:12.575,0.25,1362.22,0.0008,454.0733,227.04,0.4,Low Risk,Moderate Risk,YELLOW,COM20
REAL-COM20-LOW_-00121,2026-09-19 16:15:12.776,0.17,1379.74,0.0006,459.9133,229.96,0.4,Low Risk,Moderate Risk,YELLOW,COM20
REAL-COM20-LOW_-00122,2026-09-19 16:15:12.976,0.25,1388.71,0.0008,462.9033,231.45,0.4,Low Risk,Moderate Risk,YELLOW,COM20
REAL-COM20-LOW_-00123,2026-09-19 16:15:13.175,0.0,1349.16,0.0,449.72,224.86,0.4,Low Risk,Moderate Risk,YELLOW,COM20
REAL-COM20-LOW_-00124,2026-09-19 16:15:13.375,0.0,1365.79,0.0,455.2633,227.63,0.4,Low Risk,Moderate Risk,YELLOW,COM20
REAL-COM20-LOW_-00125,2026-09-19 16:15:13.576,0.0,1406.87,0.0,468.9567,234.48,0.4,Low Risk,Moderate Risk,YELLOW,COM20
REAL-COM20-LOW_-00126,2026-09-19 16:15:13.771,0.0,1394.27,0.0,464.7567,232.38,0.4,Low Risk,Moderate Risk,YELLOW,COM20
REAL-COM20-LOW_-00127,2026-09-19 16:15:13.976,0.0,1386.32,0.0,462.1067,231.05,0.4,Low Risk,Moderate Risk,YELLOW,COM20
REAL-COM20-LOW_-00128,2026-09-19 16:15:14.172,0.0,1353.91,0.0,451.3033,225.65,0.4,Low Risk,Moderate Risk,YELLOW,COM20
REAL-COM20-LOW_-00129,2026-09-19 16:15:14.372,0.0,1403.13,0.0,467.71,233.86,0.4,Low Risk,Moderate Risk,YELLOW,COM20
REAL-COM20-LOW_-00130,2026-09-19 16:15:14.573,0.0,1378.5,0.0,459.5,229.75,0.4,Low Risk,Moderate Risk,YELLOW,COM20
REAL-COM20-LOW_-00131,2026-09-19 16:15:14.774,0.0,1379.59,0.0,459.8633,229.93,0.4,Low Risk,Moderate Risk,YELLOW,COM20
REAL-COM20-LOW_-00132,2026-09-19 16:15:14.974,0.0,1398.6,0.0,466.2,233.1,0.4,Low Risk,Moderate Risk,YELLOW,COM20
REAL-COM20-LOW_-00133,2026-09-19 16:15:15.176,0.0,1398.96,0.0,466.32,233.16,0.4,Low Risk,Moderate Risk,YELLOW,COM20
REAL-COM20-LOW_-00134,2026-09-19 16:15:15.376,0.0,1404.64,0.0,468.2133,234.11,0.4,Low Risk,Moderate Risk,YELLOW,COM20
REAL-COM20-LOW_-00135,2026-09-19 16:15:15.576,0.0,1384.52,0.0,461.5067,230.75,0.4,Low Risk,Moderate Risk,YELLOW,COM20
REAL-COM20-LOW_-00136,2026-09-19 16:15:15.777,0.0,1391.74,0.0,463.9133,231.96,0.4,Low Risk,Moderate Risk,YELLOW,COM20
REAL-COM20-LOW_-00137,2026-09-19 16:15:15.971,0.0,1416.92,0.0,472.3067,236.15,0.4,Low Risk,Moderate Risk,YELLOW,COM20
REAL-COM20-LOW_-00138,2026-09-19 16:15:16.172,0.0,1408.81,0.0,469.6033,234.8,0.4,Low Risk,Moderate Risk,YELLOW,COM20
REAL-COM20-LOW_-00139,2026-09-19 16:15:16.372,0.0,1407.01,0.0,469.0033,234.5,0.4,Low Risk,Moderate Risk,YELLOW,COM20
REAL-COM20-LOW_-00140,2026-09-19 16:15:16.571,0.0,1387.84,0.0,462.6133,231.31,0.4,Low Risk,Moderate Risk,YELLOW,COM20
REAL-COM20-LOW_-00141,2026-09-19 16:15:16.776,0.0,1383.14,0.0,461.0467,230.52,0.4,Low Risk,Moderate Risk,YELLOW,COM20
REAL-COM20-LOW_-00142,2026-09-19 16:15:16.966,0.0,1364.84,0.0,454.9467,227.47,0.4,Low Risk,Moderate Risk,YELLOW,COM20
REAL-COM20-LOW_-00143,2026-09-19 16:15:17.176,0.0,1367.68,0.0,455.8933,227.95,0.4,Low Risk,Moderate Risk,YELLOW,COM20
REAL-COM20-LOW_-00144,2026-09-19 16:15:17.371,0.0,1355.15,0.0,451.7167,225.86,0.4,Low Risk,Moderate Risk,YELLOW,COM20
REAL-COM20-LOW_-00145,2026-09-19 16:15:17.572,0.0,1372.84,0.0,457.6133,228.81,0.4,Low Risk,Moderate Risk,YELLOW,COM20
REAL-COM20-LOW_-00146,2026-09-19 16:15:17.773,0.0,1365.94,0.0,455.3133,227.66,0.4,Low Risk,Moderate Risk,YELLOW,COM20
REAL-COM20-LOW_-00147,2026-09-19 16:15:17.976,0.0,1365.35,0.0,455.1167,227.56,0.4,Low Risk,Moderate Risk,YELLOW,COM20
REAL-COM20-LOW_-00148,2026-09-19 16:15:18.166,0.0,1365.43,0.0,455.1433,227.57,0.4,Low Risk,Moderate Risk,YELLOW,COM20
REAL-COM20-LOW_-00149,2026-09-19 16:15:18.375,0.0,1589.13,0.0,529.71,264.85,0.4,Low Risk,Moderate Risk,YELLOW,COM20
REAL-COM20-LOW_-00150,2026-09-19 16:15:18.572,0.0,1964.05,0.0,654.6833,327.34,0.3,Low Risk,Moderate Risk,YELLOW,COM20
REAL-COM20-LOW_-00151,2026-09-19 16:15:18.767,0.0,1996.5,0.0,665.5,332.75,0.3,Low Risk,Moderate Risk,YELLOW,COM20
REAL-COM20-LOW_-00152,2026-09-19 16:15:18.972,0.0,1961.09,0.0,653.6967,326.85,0.3,Low Risk,Moderate Risk,YELLOW,COM20
REAL-COM20-LOW_-00153,2026-09-19 16:15:19.173,0.0,1952.6,0.0,650.8667,325.43,0.3,Low Risk,Moderate Risk,YELLOW,COM20
REAL-COM20-LOW_-00154,2026-09-19 16:15:19.373,0.0,1954.35,0.0,651.45,325.72,0.3,Low Risk,Moderate Risk,YELLOW,COM20
REAL-COM20-LOW_-00155,2026-09-19 16:15:19.576,0.0,1960.98,0.0,653.66,326.83,0.3,Low Risk,Moderate Risk,YELLOW,COM20
REAL-COM20-LOW_-00156,2026-09-19 16:15:19.771,0.0,1958.6,0.0,652.8667,326.43,0.3,Low Risk,Moderate Risk,YELLOW,COM20
REAL-COM20-LOW_-00157,2026-09-19 16:15:19.971,0.0,1959.06,0.0,653.02,326.51,0.3,Low Risk,Moderate Risk,YELLOW,COM20
REAL-COM20-LOW_-00158,2026-09-19 16:15:20.171,0.0,1961.04,0.0,653.68,326.84,0.3,Low Risk,Moderate Risk,YELLOW,COM20
REAL-COM20-LOW_-00159,2026-09-19 16:15:20.372,0.0,1961.67,0.0,653.89,326.95,0.3,Low Risk,Moderate Risk,YELLOW,COM20
REAL-COM20-LOW_-00160,2026-09-19 16:15:20.571,0.0,1966.6,0.0,655.5333,327.77,0.3,Low Risk,Moderate Risk,YELLOW,COM20
REAL-COM20-LOW_-00161,2026-09-19 16:15:20.773,0.0,1965.56,0.0,655.1867,327.59,0.3,Low Risk,Moderate Risk,YELLOW,COM20
REAL-COM20-LOW_-00162,2026-09-19 16:15:20.976,0.0,1972.16,0.0,657.3867,328.69,0.3,Low Risk,Moderate Risk,YELLOW,COM20
REAL-COM20-LOW_-00163,2026-09-19 16:15:21.172,0.0,1950.79,0.0,650.2633,325.13,0.3,Low Risk,Moderate Risk,YELLOW,COM20
REAL-COM20-LOW_-00164,2026-09-19 16:15:21.373,0.0,1965.91,0.0,655.3033,327.65,0.3,Low Risk,Moderate Risk,YELLOW,COM20
REAL-COM20-LOW_-00165,2026-09-19 16:15:21.567,0.0,1964.29,0.0,654.7633,327.38,0.3,Low Risk,Moderate Risk,YELLOW,COM20
REAL-COM20-LOW_-00166,2026-09-19 16:15:21.776,0.0,1958.13,0.0,652.71,326.36,0.3,Low Risk,Moderate Risk,YELLOW,COM20
REAL-COM20-LOW_-00167,2026-09-19 16:15:21.969,0.0,1955.05,0.0,651.6833,325.84,0.3,Low Risk,Moderate Risk,YELLOW,COM20
REAL-COM20-LOW_-00168,2026-09-19 16:15:22.169,0.0,1963.82,0.0,654.6067,327.3,0.3,Low Risk,Moderate Risk,YELLOW,COM20
REAL-COM20-LOW_-00169,2026-09-19 16:15:22.376,0.0,1939.91,0.0,646.6367,323.32,0.3,Low Risk,Moderate Risk,YELLOW,COM20
REAL-COM20-LOW_-00170,2026-09-19 16:15:22.572,0.0,1961.91,0.0,653.97,326.98,0.3,Low Risk,Moderate Risk,YELLOW,COM20
REAL-COM20-LOW_-00171,2026-09-19 16:15:22.776,0.0,1965.39,0.0,655.13,327.56,0.3,Low Risk,Moderate Risk,YELLOW,COM20
REAL-COM20-LOW_-00172,2026-09-19 16:15:22.975,0.0,1967.88,0.0,655.96,327.98,0.3,Low Risk,Moderate Risk,YELLOW,COM20
REAL-COM20-LOW_-00173,2026-09-19 16:15:23.176,0.0,1971.69,0.0,657.23,328.62,0.3,Low Risk,Moderate Risk,YELLOW,COM20
REAL-COM20-LOW_-00174,2026-09-19 16:15:23.376,0.0,1945.3,0.0,648.4333,324.22,0.3,Low Risk,Moderate Risk,YELLOW,COM20
REAL-COM20-LOW_-00175,2026-09-19 16:15:23.570,0.0,1980.46,0.0,660.1533,330.08,0.3,Low Risk,Moderate Risk,YELLOW,COM20
REAL-COM20-LOW_-00176,2026-09-19 16:15:23.770,0.0,1974.64,0.0,658.2133,329.11,0.3,Low Risk,Moderate Risk,YELLOW,COM20
REAL-COM20-LOW_-00177,2026-09-19 16:15:23.975,0.0,1945.24,0.0,648.4133,324.21,0.3,Low Risk,Moderate Risk,YELLOW,COM20
REAL-COM20-LOW_-00178,2026-09-19 16:15:24.173,0.0,1944.65,0.0,648.2167,324.11,0.3,Low Risk,Moderate Risk,YELLOW,COM20
REAL-COM20-LOW_-00179,2026-09-19 16:15:24.376,0.0,1965.45,0.0,655.15,327.57,0.3,Low Risk,Moderate Risk,YELLOW,COM20
REAL-COM20-LOW_-00180,2026-09-19 16:15:24.573,0.0,1984.88,0.0,661.6267,330.81,0.3,Low Risk,Moderate Risk,YELLOW,COM20
REAL-COM20-LOW_-00181,2026-09-19 16:15:24.776,0.0,1992.56,0.0,664.1867,332.09,0.3,Low Risk,Moderate Risk,YELLOW,COM20
REAL-COM20-LOW_-00182,2026-09-19 16:15:24.972,0.0,1978.38,0.0,659.46,329.73,0.3,Low Risk,Moderate Risk,YELLOW,COM20
REAL-COM20-LOW_-00183,2026-09-19 16:15:25.173,0.0,1963.76,0.0,654.5867,327.29,0.3,Low Risk,Moderate Risk,YELLOW,COM20
REAL-COM20-LOW_-00184,2026-09-19 16:15:25.367,136.0,1995.3,0.4533,665.1,332.78,0.3,Low Risk,Moderate Risk,YELLOW,COM20
REAL-COM20-LOW_-00185,2026-09-19 16:15:25.567,143.71,1979.25,0.479,659.75,330.11,0.3,Low Risk,Moderate Risk,YELLOW,COM20
REAL-COM20-LOW_-00186,2026-09-19 16:15:25.776,142.84,1995.47,0.4761,665.1567,332.82,0.3,Low Risk,Moderate Risk,YELLOW,COM20
REAL-COM20-LOW_-00187,2026-09-19 16:15:25.970,141.95,1990.39,0.4732,663.4633,331.97,0.3,Low Risk,Moderate Risk,YELLOW,COM20
REAL-COM20-LOW_-00188,2026-09-19 16:15:26.175,141.01,1984.14,0.47,661.38,330.92,0.3,Low Risk,Moderate Risk,YELLOW,COM20
REAL-COM20-LOW_-00189,2026-09-19 16:15:26.372,140.1,1989.81,0.467,663.27,331.87,0.3,Low Risk,Moderate Risk,YELLOW,COM20
REAL-COM20-LOW_-00190,2026-09-19 16:15:26.572,142.12,1974.52,0.4737,658.1733,329.32,0.3,Low Risk,Moderate Risk,YELLOW,COM20
REAL-COM20-LOW_-00191,2026-09-19 16:15:26.776,146.32,1989.87,0.4877,663.29,331.89,0.3,Low Risk,Moderate Risk,YELLOW,COM20
REAL-COM20-LOW_-00192,2026-09-19 16:15:26.975,146.22,1992.62,0.4874,664.2067,332.35,0.3,Low Risk,Moderate Risk,YELLOW,COM20
REAL-COM20-LOW_-00193,2026-09-19 16:15:27.176,142.69,1966.6,0.4756,655.5333,328.01,0.3,Low Risk,Moderate Risk,YELLOW,COM20
REAL-COM20-LOW_-00194,2026-09-19 16:15:27.374,144.78,1979.25,0.4826,659.75,330.12,0.3,Low Risk,Moderate Risk,YELLOW,COM20
REAL-COM20-LOW_-00195,2026-09-19 16:15:27.569,144.18,1986.83,0.4806,662.2767,331.38,0.3,Low Risk,Moderate Risk,YELLOW,COM20
REAL-COM20-LOW_-00196,2026-09-19 16:15:27.773,143.31,2012.25,0.4777,670.75,335.61,0.3,Low Risk,Moderate Risk,YELLOW,COM20
REAL-COM20-LOW_-00197,2026-09-19 16:15:27.976,142.93,1996.5,0.4764,665.5,332.99,0.3,Low Risk,Moderate Risk,YELLOW,COM20
REAL-COM20-LOW_-00198,2026-09-19 16:15:28.171,145.28,2007.88,0.4843,669.2933,334.89,0.3,Low Risk,Moderate Risk,YELLOW,COM20
REAL-COM20-LOW_-00199,2026-09-19 16:15:28.376,143.97,2002.77,0.4799,667.59,334.03,0.3,Low Risk,Moderate Risk,YELLOW,COM20
REAL-COM20-LOW_-00200,2026-09-19 16:15:28.572,145.96,1996.27,0.4865,665.4233,332.96,0.3,Low Risk,Moderate Risk,YELLOW,COM20
REAL-COM20-LOW_-00201,2026-09-19 16:15:28.768,144.81,1992.9,0.4827,664.3,332.39,0.3,Low Risk,Moderate Risk,YELLOW,COM20
REAL-COM20-LOW_-00202,2026-09-19 16:15:28.973,144.72,1997.87,0.4824,665.9567,333.22,0.3,Low Risk,Moderate Risk,YELLOW,COM20
REAL-COM20-LOW_-00203,2026-09-19 16:15:29.176,144.34,1995.53,0.4811,665.1767,332.83,0.3,Low Risk,Moderate Risk,YELLOW,COM20
REAL-COM20-LOW_-00204,2026-09-19 16:15:29.376,141.83,1991.82,0.4728,663.94,332.21,0.3,Low Risk,Moderate Risk,YELLOW,COM20
REAL-COM20-LOW_-00205,2026-09-19 16:15:29.576,144.17,1988.27,0.4806,662.7567,331.62,0.3,Low Risk,Moderate Risk,YELLOW,COM20
REAL-COM20-LOW_-00206,2026-09-19 16:15:29.776,145.36,1989.7,0.4845,663.2333,331.86,0.3,Low Risk,Moderate Risk,YELLOW,COM20
REAL-COM20-LOW_-00207,2026-09-19 16:15:29.976,145.36,1987.81,0.4845,662.6033,331.54,0.3,Low Risk,Moderate Risk,YELLOW,COM20
REAL-COM20-LOW_-00208,2026-09-19 16:15:30.176,144.07,1928.15,0.4802,642.7167,321.6,0.3,Low Risk,Moderate Risk,YELLOW,COM20
REAL-COM20-LOW_-00209,2026-09-19 16:15:30.376,144.36,1991.42,0.4812,663.8067,332.14,0.3,Low Risk,Moderate Risk,YELLOW,COM20
REAL-COM20-LOW_-00210,2026-09-19 16:15:30.568,145.34,1983.79,0.4845,661.2633,330.87,0.3,Low Risk,Moderate Risk,YELLOW,COM20
REAL-COM20-LOW_-00211,2026-09-19 16:15:30.773,143.01,1984.08,0.4767,661.36,330.92,0.3,Low Risk,Moderate Risk,YELLOW,COM20
REAL-COM20-LOW_-00212,2026-09-19 16:15:30.974,143.41,1980.28,0.478,660.0933,330.29,0.3,Low Risk,Moderate Risk,YELLOW,COM20
REAL-COM20-LOW_-00213,2026-09-19 16:15:31.176,146.36,1992.27,0.4879,664.09,332.29,0.3,Low Risk,Moderate Risk,YELLOW,COM20
REAL-COM20-LOW_-00214,2026-09-19 16:15:31.372,144.68,1983.68,0.4823,661.2267,330.85,0.3,Low Risk,Moderate Risk,YELLOW,COM20
REAL-COM20-LOW_-00215,2026-09-19 16:15:31.573,142.8,2006.58,0.476,668.86,334.67,0.3,Low Risk,Moderate Risk,YELLOW,COM20
REAL-COM20-LOW_-00216,2026-09-19 16:15:31.772,144.96,1995.7,0.4832,665.2333,332.86,0.3,Low Risk,Moderate Risk,YELLOW,COM20
REAL-COM20-LOW_-00217,2026-09-19 16:15:31.976,141.76,2009.47,0.4725,669.8233,335.15,0.3,Low Risk,Moderate Risk,YELLOW,COM20
REAL-COM20-LOW_-00218,2026-09-19 16:15:32.173,144.11,2022.25,0.4804,674.0833,337.28,0.3,Low Risk,Moderate Risk,YELLOW,COM20
REAL-COM20-LOW_-00219,2026-09-19 16:15:32.376,143.39,2009.19,0.478,669.73,335.1,0.3,Low Risk,Moderate Risk,YELLOW,COM20
REAL-COM20-LOW_-00220,2026-09-19 16:15:32.576,145.33,1983.91,0.4844,661.3033,330.89,0.3,Low Risk,Moderate Risk,YELLOW,COM20
REAL-COM20-LOW_-00221,2026-09-19 16:15:32.776,144.64,1996.96,0.4821,665.6533,333.07,0.3,Low Risk,Moderate Risk,YELLOW,COM20
REAL-COM20-LOW_-00222,2026-09-19 16:15:32.975,145.26,1993.76,0.4842,664.5867,332.54,0.3,Low Risk,Moderate Risk,YELLOW,COM20
REAL-COM20-LOW_-00223,2026-09-19 16:15:33.175,143.24,1998.21,0.4775,666.07,333.27,0.3,Low Risk,Moderate Risk,YELLOW,COM20
REAL-COM20-LOW_-00224,2026-09-19 16:15:33.376,144.99,1994.33,0.4833,664.7767,332.63,0.3,Low Risk,Moderate Risk,YELLOW,COM20
REAL-COM20-LOW_-00225,2026-09-19 16:15:33.574,142.1,1998.78,0.4737,666.26,333.37,0.3,Low Risk,Moderate Risk,YELLOW,COM20
REAL-COM20-LOW_-00226,2026-09-19 16:15:33.776,144.17,1954.7,0.4806,651.5667,326.02,0.3,Low Risk,Moderate Risk,YELLOW,COM20
REAL-COM20-LOW_-00227,2026-09-19 16:15:33.976,142.04,1974.98,0.4735,658.3267,329.4,0.3,Low Risk,Moderate Risk,YELLOW,COM20
REAL-COM20-LOW_-00228,2026-09-19 16:15:34.176,145.13,1974.47,0.4838,658.1567,329.32,0.3,Low Risk,Moderate Risk,YELLOW,COM20
REAL-COM20-LOW_-00229,2026-09-19 16:15:34.376,143.78,1982.18,0.4793,660.7267,330.6,0.3,Low Risk,Moderate Risk,YELLOW,COM20
REAL-COM20-LOW_-00230,2026-09-19 16:15:34.576,142.83,2012.19,0.4761,670.73,335.6,0.3,Low Risk,Moderate Risk,YELLOW,COM20
REAL-COM20-LOW_-00231,2026-09-19 16:15:34.776,142.67,1990.9,0.4756,663.6333,332.05,0.3,Low Risk,Moderate Risk,YELLOW,COM20
REAL-COM20-LOW_-00232,2026-09-19 16:15:34.976,144.0,1971.52,0.48,657.1733,328.83,0.3,Low Risk,Moderate Risk,YELLOW,COM20
REAL-COM20-LOW_-00233,2026-09-19 16:15:35.176,142.53,1996.1,0.4751,665.3667,332.92,0.3,Low Risk,Moderate Risk,YELLOW,COM20
REAL-COM20-LOW_-00234,2026-09-19 16:15:35.375,145.01,1995.25,0.4834,665.0833,332.78,0.3,Low Risk,Moderate Risk,YELLOW,COM20
REAL-COM20-LOW_-00235,2026-09-19 16:15:35.575,144.96,1987.23,0.4832,662.41,331.45,0.3,Low Risk,Moderate Risk,YELLOW,COM20
REAL-COM20-LOW_-00236,2026-09-19 16:15:35.776,144.24,1971.81,0.4808,657.27,328.88,0.3,Low Risk,Moderate Risk,YELLOW,COM20
REAL-COM20-LOW_-00237,2026-09-19 16:15:35.975,143.71,1986.14,0.479,662.0467,331.26,0.3,Low Risk,Moderate Risk,YELLOW,COM20
REAL-COM20-LOW_-00238,2026-09-19 16:15:36.175,144.19,1969.38,0.4806,656.46,328.47,0.3,Low Risk,Moderate Risk,YELLOW,COM20
REAL-COM20-LOW_-00239,2026-09-19 16:15:36.376,145.38,1993.07,0.4846,664.3567,332.42,0.3,Low Risk,Moderate Risk,YELLOW,COM20
REAL-COM20-LOW_-00240,2026-09-19 16:15:36.566,144.0,1994.67,0.48,664.89,332.69,0.3,Low Risk,Moderate Risk,YELLOW,COM20
REAL-COM20-LOW_-00241,2026-09-19 16:15:36.775,143.12,1970.02,0.4771,656.6733,328.57,0.3,Low Risk,Moderate Risk,YELLOW,COM20
REAL-COM20-LOW_-00242,2026-09-19 16:15:36.975,143.43,1960.11,0.4781,653.37,326.92,0.3,Low Risk,Moderate Risk,YELLOW,COM20
REAL-COM20-LOW_-00243,2026-09-19 16:15:37.176,143.75,1981.15,0.4792,660.3833,330.43,0.3,Low Risk,Moderate Risk,YELLOW,COM20
REAL-COM20-LOW_-00244,2026-09-19 16:15:37.368,144.47,1995.13,0.4816,665.0433,332.76,0.3,Low Risk,Moderate Risk,YELLOW,COM20
REAL-COM20-LOW_-00245,2026-09-19 16:15:37.575,142.84,2014.68,0.4761,671.56,336.02,0.3,Low Risk,Moderate Risk,YELLOW,COM20
REAL-COM20-LOW_-00246,2026-09-19 16:15:37.776,143.53,1986.03,0.4784,662.01,331.24,0.3,Low Risk,Moderate Risk,YELLOW,COM20
REAL-COM20-LOW_-00247,2026-09-19 16:15:37.975,143.27,2007.03,0.4776,669.01,334.74,0.3,Low Risk,Moderate Risk,YELLOW,COM20
REAL-COM20-LOW_-00248,2026-09-19 16:15:38.174,143.98,1988.55,0.4799,662.85,331.67,0.3,Low Risk,Moderate Risk,YELLOW,COM20
REAL-COM20-LOW_-00249,2026-09-19 16:15:38.371,143.73,1985.8,0.4791,661.9333,331.21,0.3,Low Risk,Moderate Risk,YELLOW,COM20
REAL-COM20-LOW_-00250,2026-09-19 16:15:38.575,144.07,2019.09,0.4802,673.03,336.75,0.3,Low Risk,Moderate Risk,YELLOW,COM20
REAL-COM20-LOW_-00251,2026-09-19 16:15:38.774,142.23,1976.37,0.4741,658.79,329.63,0.3,Low Risk,Moderate Risk,YELLOW,COM20
REAL-COM20-LOW_-00252,2026-09-19 16:15:38.976,143.23,1991.93,0.4774,663.9767,332.23,0.3,Low Risk,Moderate Risk,YELLOW,COM20
REAL-COM20-LOW_-00253,2026-09-19 16:15:39.176,144.07,1964.75,0.4802,654.9167,327.7,0.3,Low Risk,Moderate Risk,YELLOW,COM20
REAL-COM20-LOW_-00254,2026-09-19 16:15:39.375,142.31,1985.57,0.4744,661.8567,331.17,0.3,Low Risk,Moderate Risk,YELLOW,COM20
REAL-COM20-LOW_-00255,2026-09-19 16:15:39.575,143.58,1997.36,0.4786,665.7867,333.13,0.3,Low Risk,Moderate Risk,YELLOW,COM20
REAL-COM20-LOW_-00256,2026-09-19 16:15:39.774,141.38,1992.96,0.4713,664.32,332.4,0.3,Low Risk,Moderate Risk,YELLOW,COM20
REAL-COM20-LOW_-00257,2026-09-19 16:15:39.971,144.21,2052.32,0.4807,684.1067,342.29,0.3,Low Risk,Moderate Risk,YELLOW,COM20
REAL-COM20-LOW_-00258,2026-09-19 16:15:40.176,142.58,2029.16,0.4753,676.3867,338.43,0.3,Low Risk,Moderate Risk,YELLOW,COM20
REAL-COM20-LOW_-00259,2026-09-19 16:15:40.375,141.58,2037.06,0.4719,679.02,339.75,0.3,Low Risk,Moderate Risk,YELLOW,COM20
REAL-COM20-LOW_-00260,2026-09-19 16:15:40.576,142.04,2039.58,0.4735,679.86,340.17,0.3,Low Risk,Moderate Risk,YELLOW,COM20
REAL-COM20-LOW_-00261,2026-09-19 16:15:40.776,141.79,2042.54,0.4726,680.8467,340.66,0.3,Low Risk,Moderate Risk,YELLOW,COM20
REAL-COM20-LOW_-00262,2026-09-19 16:15:40.975,141.83,2011.8,0.4728,670.6,335.54,0.3,Low Risk,Moderate Risk,YELLOW,COM20
REAL-COM20-LOW_-00263,2026-09-19 16:15:41.176,143.65,1991.47,0.4788,663.8233,332.15,0.3,Low Risk,Moderate Risk,YELLOW,COM20
REAL-COM20-LOW_-00264,2026-09-19 16:15:41.370,142.4,2027.7,0.4747,675.9,338.19,0.3,Low Risk,Moderate Risk,YELLOW,COM20
REAL-COM20-LOW_-00265,2026-09-19 16:15:41.575,140.2,2044.82,0.4673,681.6067,341.04,0.3,Low Risk,Moderate Risk,YELLOW,COM20
REAL-COM20-LOW_-00266,2026-09-19 16:15:41.775,142.52,2044.65,0.4751,681.55,341.01,0.3,Low Risk,Moderate Risk,YELLOW,COM20
REAL-COM20-LOW_-00267,2026-09-19 16:15:41.975,144.03,2010.1,0.4801,670.0333,335.26,0.3,Low Risk,Moderate Risk,YELLOW,COM20
REAL-COM20-LOW_-00268,2026-09-19 16:15:42.174,141.94,1997.36,0.4731,665.7867,333.13,0.3,Low Risk,Moderate Risk,YELLOW,COM20
REAL-COM20-LOW_-00269,2026-09-19 16:15:42.376,142.72,2020.05,0.4757,673.35,336.91,0.3,Low Risk,Moderate Risk,YELLOW,COM20
REAL-COM20-LOW_-00270,2026-09-19 16:15:42.576,142.63,1989.41,0.4754,663.1367,331.81,0.3,Low Risk,Moderate Risk,YELLOW,COM20
REAL-COM20-LOW_-00271,2026-09-19 16:15:42.776,144.08,2010.83,0.4803,670.2767,335.38,0.3,Low Risk,Moderate Risk,YELLOW,COM20
REAL-COM20-LOW_-00272,2026-09-19 16:15:42.975,140.88,1998.5,0.4696,666.1667,333.32,0.3,Low Risk,Moderate Risk,YELLOW,COM20
REAL-COM20-LOW_-00273,2026-09-19 16:15:43.176,142.5,2019.26,0.475,673.0867,336.78,0.3,Low Risk,Moderate Risk,YELLOW,COM20
REAL-COM20-LOW_-00274,2026-09-19 16:15:43.376,142.03,2052.49,0.4734,684.1633,342.32,0.3,Low Risk,Moderate Risk,YELLOW,COM20
REAL-COM20-LOW_-00275,2026-09-19 16:15:43.576,143.27,2023.2,0.4776,674.4,337.44,0.3,Low Risk,Moderate Risk,YELLOW,COM20
REAL-COM20-LOW_-00276,2026-09-19 16:15:43.776,142.83,2022.47,0.4761,674.1567,337.32,0.3,Low Risk,Moderate Risk,YELLOW,COM20
REAL-COM20-LOW_-00277,2026-09-19 16:15:43.976,140.69,2006.81,0.469,668.9367,334.7,0.3,Low Risk,Moderate Risk,YELLOW,COM20
REAL-COM20-LOW_-00278,2026-09-19 16:15:44.175,142.39,2033.65,0.4746,677.8833,339.18,0.3,Low Risk,Moderate Risk,YELLOW,COM20
REAL-COM20-LOW_-00279,2026-09-19 16:15:44.372,140.7,2026.3,0.469,675.4333,337.95,0.3,Low Risk,Moderate Risk,YELLOW,COM20
REAL-COM20-LOW_-00280,2026-09-19 16:15:44.576,143.19,1996.04,0.4773,665.3467,332.91,0.3,Low Risk,Moderate Risk,YELLOW,COM20
REAL-COM20-LOW_-00281,2026-09-19 16:15:44.771,142.65,2025.62,0.4755,675.2067,337.84,0.3,Low Risk,Moderate Risk,YELLOW,COM20
REAL-COM20-LOW_-00282,2026-09-19 16:15:44.976,140.23,2022.19,0.4674,674.0633,337.27,0.3,Low Risk,Moderate Risk,YELLOW,COM20
REAL-COM20-LOW_-00283,2026-09-19 16:15:45.174,141.45,2003.96,0.4715,667.9867,334.23,0.3,Low Risk,Moderate Risk,YELLOW,COM20
REAL-COM20-LOW_-00284,2026-09-19 16:15:45.374,142.21,2013.38,0.474,671.1267,335.8,0.3,Low Risk,Moderate Risk,YELLOW,COM20
REAL-COM20-LOW_-00285,2026-09-19 16:15:45.576,141.0,2015.36,0.47,671.7867,336.13,0.3,Low Risk,Moderate Risk,YELLOW,COM20
REAL-COM20-LOW_-00286,2026-09-19 16:15:45.776,142.15,2019.37,0.4738,673.1233,336.8,0.3,Low Risk,Moderate Risk,YELLOW,COM20
REAL-COM20-LOW_-00287,2026-09-19 16:15:45.977,142.39,2009.81,0.4746,669.9367,335.21,0.3,Low Risk,Moderate Risk,YELLOW,COM20
REAL-COM20-LOW_-00288,2026-09-19 16:15:46.176,142.01,2005.44,0.4734,668.48,334.48,0.3,Low Risk,Moderate Risk,YELLOW,COM20
REAL-COM20-LOW_-00289,2026-09-19 16:15:46.375,140.66,2011.46,0.4689,670.4867,335.48,0.3,Low Risk,Moderate Risk,YELLOW,COM20
REAL-COM20-LOW_-00290,2026-09-19 16:15:46.575,141.35,2037.06,0.4712,679.02,339.75,0.3,Low Risk,Moderate Risk,YELLOW,COM20
REAL-COM20-LOW_-00291,2026-09-19 16:15:46.775,140.97,2002.2,0.4699,667.4,333.93,0.3,Low Risk,Moderate Risk,YELLOW,COM20
REAL-COM20-LOW_-00292,2026-09-19 16:15:46.975,142.9,2038.74,0.4763,679.58,340.03,0.3,Low Risk,Moderate Risk,YELLOW,COM20
REAL-COM20-LOW_-00293,2026-09-19 16:15:47.170,143.81,2013.55,0.4794,671.1833,335.83,0.3,Low Risk,Moderate Risk,YELLOW,COM20
REAL-COM20-LOW_-00294,2026-09-19 16:15:47.371,143.38,2006.98,0.4779,668.9933,334.73,0.3,Low Risk,Moderate Risk,YELLOW,COM20
REAL-COM20-LOW_-00295,2026-09-19 16:15:47.568,140.27,2007.6,0.4676,669.2,334.83,0.3,Low Risk,Moderate Risk,YELLOW,COM20
REAL-COM20-LOW_-00296,2026-09-19 16:15:47.767,142.88,2012.93,0.4763,670.9767,335.73,0.3,Low Risk,Moderate Risk,YELLOW,COM20
REAL-COM20-LOW_-00297,2026-09-19 16:15:47.972,143.85,1992.04,0.4795,664.0133,332.25,0.3,Low Risk,Moderate Risk,YELLOW,COM20
REAL-COM20-LOW_-00298,2026-09-19 16:15:48.175,142.32,1994.05,0.4744,664.6833,332.58,0.3,Low Risk,Moderate Risk,YELLOW,COM20
REAL-COM20-LOW_-00299,2026-09-19 16:15:48.373,141.29,2002.31,0.471,667.4367,333.95,0.3,Low Risk,Moderate Risk,YELLOW,COM20
REAL-COM20-LOW_-00300,2026-09-19 16:15:48.576,143.49,2009.76,0.4783,669.92,335.2,0.3,Low Risk,Moderate Risk,YELLOW,COM20
REAL-COM20-LOW_-00301,2026-09-19 16:15:48.776,143.26,2010.72,0.4775,670.24,335.36,0.3,Low Risk,Moderate Risk,YELLOW,COM20
REAL-COM20-LOW_-00302,2026-09-19 16:15:48.972,142.48,2004.02,0.4749,668.0067,334.24,0.3,Low Risk,Moderate Risk,YELLOW,COM20
REAL-COM20-LOW_-00303,2026-09-19 16:15:49.176,139.62,2001.06,0.4654,667.02,333.74,0.3,Low Risk,Moderate Risk,YELLOW,COM20
REAL-COM20-LOW_-00304,2026-09-19 16:15:49.372,142.71,2020.1,0.4757,673.3667,336.92,0.3,Low Risk,Moderate Risk,YELLOW,COM20
REAL-COM20-LOW_-00305,2026-09-19 16:15:49.575,143.46,1992.22,0.4782,664.0733,332.28,0.3,Low Risk,Moderate Risk,YELLOW,COM20
REAL-COM20-LOW_-00306,2026-09-19 16:15:49.776,143.11,1999.07,0.477,666.3567,333.42,0.3,Low Risk,Moderate Risk,YELLOW,COM20
REAL-COM20-LOW_-00307,2026-09-19 16:15:49.973,141.58,2017.45,0.4719,672.4833,336.48,0.3,Low Risk,Moderate Risk,YELLOW,COM20
REAL-COM20-LOW_-00308,2026-09-19 16:15:50.173,143.03,2015.98,0.4768,671.9933,336.24,0.3,Low Risk,Moderate Risk,YELLOW,COM20
REAL-COM20-LOW_-00309,2026-09-19 16:15:50.366,143.08,2000.15,0.4769,666.7167,333.6,0.3,Low Risk,Moderate Risk,YELLOW,COM20
REAL-COM20-LOW_-00310,2026-09-19 16:15:50.575,141.71,2017.11,0.4724,672.37,336.42,0.3,Low Risk,Moderate Risk,YELLOW,COM20
REAL-COM20-LOW_-00311,2026-09-19 16:15:50.767,142.35,2014.29,0.4745,671.43,335.95,0.3,Low Risk,Moderate Risk,YELLOW,COM20
REAL-COM20-LOW_-00312,2026-09-19 16:15:50.974,143.07,2001.86,0.4769,667.2867,333.88,0.3,Low Risk,Moderate Risk,YELLOW,COM20
REAL-COM20-LOW_-00313,2026-09-19 16:15:51.173,141.73,2008.0,0.4724,669.3333,334.9,0.3,Low Risk,Moderate Risk,YELLOW,COM20
REAL-COM20-LOW_-00314,2026-09-19 16:15:51.368,143.04,2030.68,0.4768,676.8933,338.68,0.3,Low Risk,Moderate Risk,YELLOW,COM20
REAL-COM20-LOW_-00315,2026-09-19 16:15:51.575,143.88,2026.3,0.4796,675.4333,337.96,0.3,Low Risk,Moderate Risk,YELLOW,COM20
REAL-COM20-LOW_-00316,2026-09-19 16:15:51.775,143.95,2027.03,0.4798,675.6767,338.08,0.3,Low Risk,Moderate Risk,YELLOW,COM20
REAL-COM20-LOW_-00317,2026-09-19 16:15:51.970,141.69,2023.65,0.4723,674.55,337.51,0.3,Low Risk,Moderate Risk,YELLOW,COM20
REAL-COM20-LOW_-00318,2026-09-19 16:15:52.175,143.31,2019.26,0.4777,673.0867,336.78,0.3,Low Risk,Moderate Risk,YELLOW,COM20
REAL-COM20-LOW_-00319,2026-09-19 16:15:52.375,142.4,2020.27,0.4747,673.4233,336.95,0.3,Low Risk,Moderate Risk,YELLOW,COM20
REAL-COM20-LOW_-00320,2026-09-19 16:15:52.575,145.34,2018.69,0.4845,672.8967,336.69,0.3,Low Risk,Moderate Risk,YELLOW,COM20
REAL-COM20-LOW_-00321,2026-09-19 16:15:52.775,140.8,2019.15,0.4693,673.05,336.76,0.3,Low Risk,Moderate Risk,YELLOW,COM20
REAL-COM20-LOW_-00322,2026-09-19 16:15:52.976,146.62,2011.97,0.4887,670.6567,335.57,0.3,Low Risk,Moderate Risk,YELLOW,COM20
REAL-COM20-LOW_-00323,2026-09-19 16:15:53.176,147.0,2036.34,0.49,678.78,339.63,0.3,Low Risk,Moderate Risk,YELLOW,COM20
REAL-COM20-LOW_-00324,2026-09-19 16:15:53.374,146.49,2020.16,0.4883,673.3867,336.94,0.3,Low Risk,Moderate Risk,YELLOW,COM20
REAL-COM20-LOW_-00325,2026-09-19 16:15:53.575,150.09,2034.71,0.5003,678.2367,339.37,0.3,Low Risk,Moderate Risk,YELLOW,COM20
REAL-COM20-LOW_-00326,2026-09-19 16:15:53.767,144.17,2056.15,0.4806,685.3833,342.93,0.3,Low Risk,Moderate Risk,YELLOW,COM20
REAL-COM20-LOW_-00327,2026-09-19 16:15:53.972,144.96,2007.32,0.4832,669.1067,334.79,0.3,Low Risk,Moderate Risk,YELLOW,COM20
REAL-COM20-LOW_-00328,2026-09-19 16:15:54.174,146.45,2006.52,0.4882,668.84,334.66,0.3,Low Risk,Moderate Risk,YELLOW,COM20
REAL-COM20-LOW_-00329,2026-09-19 16:15:54.375,145.03,1998.73,0.4834,666.2433,333.36,0.3,Low Risk,Moderate Risk,YELLOW,COM20
REAL-COM20-LOW_-00330,2026-09-19 16:15:54.572,144.68,2054.26,0.4823,684.7533,342.62,0.3,Low Risk,Moderate Risk,YELLOW,COM20
REAL-COM20-LOW_-00331,2026-09-19 16:15:54.767,146.82,2015.76,0.4894,671.92,336.2,0.3,Low Risk,Moderate Risk,YELLOW,COM20
REAL-COM20-LOW_-00332,2026-09-19 16:15:54.973,143.48,2021.4,0.4783,673.8,337.14,0.3,Low Risk,Moderate Risk,YELLOW,COM20
REAL-COM20-LOW_-00333,2026-09-19 16:15:55.172,145.01,2028.43,0.4834,676.1433,338.31,0.3,Low Risk,Moderate Risk,YELLOW,COM20
REAL-COM20-LOW_-00334,2026-09-19 16:15:55.375,143.93,2035.39,0.4798,678.4633,339.47,0.3,Low Risk,Moderate Risk,YELLOW,COM20
REAL-COM20-LOW_-00335,2026-09-19 16:15:55.575,145.62,2003.05,0.4854,667.6833,334.08,0.3,Low Risk,Moderate Risk,YELLOW,COM20
REAL-COM20-LOW_-00336,2026-09-19 16:15:55.776,144.73,2024.89,0.4824,674.9633,337.72,0.3,Low Risk,Moderate Risk,YELLOW,COM20
REAL-COM20-LOW_-00337,2026-09-19 16:15:55.973,143.41,2040.92,0.478,680.3067,340.39,0.3,Low Risk,Moderate Risk,YELLOW,COM20
REAL-COM20-LOW_-00338,2026-09-19 16:15:56.171,143.18,2009.3,0.4773,669.7667,335.12,0.3,Low Risk,Moderate Risk,YELLOW,COM20
REAL-COM20-LOW_-00339,2026-09-19 16:15:56.376,144.3,2037.12,0.481,679.04,339.76,0.3,Low Risk,Moderate Risk,YELLOW,COM20
REAL-COM20-LOW_-00340,2026-09-19 16:15:56.574,143.39,2018.19,0.478,672.73,336.6,0.3,Low Risk,Moderate Risk,YELLOW,COM20
REAL-COM20-LOW_-00341,2026-09-19 16:15:56.769,141.14,2036.62,0.4705,678.8733,339.67,0.3,Low Risk,Moderate Risk,YELLOW,COM20
REAL-COM20-LOW_-00342,2026-09-19 16:15:56.975,142.65,2040.64,0.4755,680.2133,340.34,0.3,Low Risk,Moderate Risk,YELLOW,COM20
REAL-COM20-LOW_-00343,2026-09-19 16:15:57.172,144.04,2041.64,0.4801,680.5467,340.51,0.3,Low Risk,Moderate Risk,YELLOW,COM20
REAL-COM20-LOW_-00344,2026-09-19 16:15:57.371,143.82,2037.01,0.4794,679.0033,339.74,0.3,Low Risk,Moderate Risk,YELLOW,COM20
REAL-COM20-LOW_-00345,2026-09-19 16:15:57.576,143.17,2023.04,0.4772,674.3467,337.41,0.3,Low Risk,Moderate Risk,YELLOW,COM20
REAL-COM20-LOW_-00346,2026-09-19 16:15:57.775,143.43,2040.75,0.4781,680.25,340.36,0.3,Low Risk,Moderate Risk,YELLOW,COM20
REAL-COM20-LOW_-00347,2026-09-19 16:15:57.975,142.87,2033.2,0.4762,677.7333,339.11,0.3,Low Risk,Moderate Risk,YELLOW,COM20
REAL-COM20-LOW_-00348,2026-09-19 16:15:58.176,140.12,2019.03,0.4671,673.01,336.74,0.3,Low Risk,Moderate Risk,YELLOW,COM20
REAL-COM20-LOW_-00349,2026-09-19 16:15:58.376,141.89,2047.27,0.473,682.4233,341.45,0.3,Low Risk,Moderate Risk,YELLOW,COM20
REAL-COM20-LOW_-00350,2026-09-19 16:15:58.576,141.91,2026.24,0.473,675.4133,337.94,0.3,Low Risk,Moderate Risk,YELLOW,COM20
REAL-COM20-LOW_-00351,2026-09-19 16:15:58.776,143.79,1964.81,0.4793,654.9367,327.71,0.3,Low Risk,Moderate Risk,YELLOW,COM20
REAL-COM20-LOW_-00352,2026-09-19 16:15:58.970,143.66,2036.67,0.4789,678.89,339.68,0.3,Low Risk,Moderate Risk,YELLOW,COM20
REAL-COM20-LOW_-00353,2026-09-19 16:15:59.176,143.77,2041.81,0.4792,680.6033,340.54,0.3,Low Risk,Moderate Risk,YELLOW,COM20
REAL-COM20-LOW_-00354,2026-09-19 16:15:59.371,142.86,2003.05,0.4762,667.6833,334.08,0.3,Low Risk,Moderate Risk,YELLOW,COM20
