sample_id,timestamp,tds_mg_l,turbidity_ntu,r_tds,r_turb,ari,ass_score,ground_truth,source,location,sampling_rate_hz,actual_ground_truth,predicted_risk,is_correct
ALVIN-2026-00033,2026-09-18 08:00:06.400,144.84,0.78,0.4828,0.2607,0.3718,72.9,Moderate Risk,Botol Sampel B,Sumber Air B,5,Moderate Risk,Low Risk,False
ALVIN-2026-00331,2026-09-18 08:01:06.000,92.55,0.35,0.3085,0.1154,0.212,82.51,Moderate Risk,Botol Sampel C,Sumber Air C,5,Moderate Risk,Low Risk,False
ALVIN-2026-00460,2026-09-18 08:01:31.800,45.59,0.2,0.152,0.067,0.1095,90.13,Moderate Risk,Botol Sampel C,Sumber Air C,5,Moderate Risk,Low Risk,False
ALVIN-2026-00484,2026-09-18 08:01:36.600,81.49,0.82,0.2716,0.2728,0.2722,78.6,Moderate Risk,Botol Sampel C,Sumber Air C,5,Moderate Risk,Low Risk,False
ALVIN-2026-00507,2026-09-18 08:01:41.200,115.96,0.54,0.3865,0.1784,0.2824,77.98,Moderate Risk,Botol Sampel B,Sumber Air B,5,Moderate Risk,Low Risk,False
ALVIN-2026-00630,2026-09-18 08:02:05.800,90.33,0.67,0.3011,0.2235,0.2623,79.22,Moderate Risk,Botol Sampel B,Sumber Air B,5,Moderate Risk,Low Risk,False
ALVIN-2026-00639,2026-09-18 08:02:07.600,125.54,0.56,0.4185,0.1853,0.3019,76.81,Moderate Risk,Botol Sampel B,Sumber Air B,5,Moderate Risk,Low Risk,False
ALVIN-2026-00846,2026-09-18 08:02:49.000,122.26,0.42,0.4075,0.1395,0.2735,78.52,Moderate Risk,Botol Sampel B,Sumber Air B,5,Moderate Risk,Low Risk,False
ALVIN-2026-00870,2026-09-18 08:02:53.800,126.67,0.13,0.4222,0.0444,0.2333,81.08,Moderate Risk,Botol Sampel C,Sumber Air C,5,Moderate Risk,Low Risk,False
ALVIN-2026-00921,2026-09-18 08:03:04.000,122.97,0.84,0.4099,0.2797,0.3448,74.36,Moderate Risk,Botol Sampel C,Sumber Air C,5,Moderate Risk,Low Risk,False
ALVIN-2026-01168,2026-09-18 08:03:53.400,146.95,1.49,0.4898,0.4981,0.494,66.93,Low Risk,Botol Sampel A,Sumber Air A,5,Low Risk,Moderate Risk,False
ALVIN-2026-01187,2026-09-18 08:03:57.200,103.35,0.73,0.3445,0.2422,0.2934,77.32,Moderate Risk,Botol Sampel B,Sumber Air B,5,Moderate Risk,Low Risk,False
ALVIN-2026-01487,2026-09-18 08:04:57.200,128.26,0.67,0.4275,0.2219,0.3247,75.49,Moderate Risk,Botol Sampel C,Sumber Air C,5,Moderate Risk,Low Risk,False
ALVIN-2026-01579,2026-09-18 08:05:15.600,100.61,0.89,0.3354,0.298,0.3167,75.95,Moderate Risk,Botol Sampel B,Sumber Air B,5,Moderate Risk,Low Risk,False
ALVIN-2026-01716,2026-09-18 08:05:43.000,99.16,0.1,0.3305,0.0333,0.1819,84.61,Moderate Risk,Botol Sampel C,Sumber Air C,5,Moderate Risk,Low Risk,False
ALVIN-2026-01834,2026-09-18 08:06:06.600,103.14,0.53,0.3438,0.1761,0.26,79.37,Moderate Risk,Botol Sampel C,Sumber Air C,5,Moderate Risk,Low Risk,False
ALVIN-2026-01840,2026-09-18 08:06:07.800,90.5,1.31,0.3017,0.4356,0.3687,73.06,Moderate Risk,Botol Sampel C,Sumber Air C,5,Moderate Risk,Low Risk,False
ALVIN-2026-02060,2026-09-18 08:06:51.800,109.57,0.69,0.3652,0.2308,0.298,77.04,Moderate Risk,Botol Sampel C,Sumber Air C,5,Moderate Risk,Low Risk,False
ALVIN-2026-02107,2026-09-18 08:07:01.200,104.37,0.42,0.3479,0.1405,0.2442,80.37,Moderate Risk,Botol Sampel B,Sumber Air B,5,Moderate Risk,Low Risk,False
ALVIN-2026-02131,2026-09-18 08:07:06.000,82.59,0.1,0.2753,0.0333,0.1543,86.63,Moderate Risk,Botol Sampel B,Sumber Air B,5,Moderate Risk,Low Risk,False
ALVIN-2026-02440,2026-09-18 08:08:07.800,114.84,0.2,0.3828,0.0672,0.225,81.63,Moderate Risk,Botol Sampel B,Sumber Air B,5,Moderate Risk,Low Risk,False
ALVIN-2026-02466,2026-09-18 08:08:13.000,67.03,0.35,0.2234,0.1171,0.1702,85.46,Moderate Risk,Botol Sampel C,Sumber Air C,5,Moderate Risk,Low Risk,False
ALVIN-2026-02586,2026-09-18 08:08:37.000,107.67,0.21,0.3589,0.0689,0.2139,82.38,Moderate Risk,Botol Sampel B,Sumber Air B,5,Moderate Risk,Low Risk,False
ALVIN-2026-02605,2026-09-18 08:08:40.800,84.5,0.58,0.2817,0.1943,0.238,80.78,Moderate Risk,Botol Sampel B,Sumber Air B,5,Moderate Risk,Low Risk,False
ALVIN-2026-02672,2026-09-18 08:08:54.200,119.97,0.64,0.3999,0.2146,0.3073,76.49,Moderate Risk,Botol Sampel C,Sumber Air C,5,Moderate Risk,Low Risk,False
ALVIN-2026-02731,2026-09-18 08:09:06.000,98.25,0.17,0.3275,0.0582,0.1929,83.83,Moderate Risk,Botol Sampel C,Sumber Air C,5,Moderate Risk,Low Risk,False
ALVIN-2026-02875,2026-09-18 08:09:34.800,89.45,1.19,0.2982,0.3958,0.347,74.24,Moderate Risk,Botol Sampel B,Sumber Air B,5,Moderate Risk,Low Risk,False
ALVIN-2026-02886,2026-09-18 08:09:37.000,126.09,0.76,0.4203,0.2517,0.336,74.85,Moderate Risk,Botol Sampel C,Sumber Air C,5,Moderate Risk,Low Risk,False
ALVIN-2026-02967,2026-09-18 08:09:53.200,95.86,0.19,0.3195,0.0647,0.1921,83.89,Moderate Risk,Botol Sampel C,Sumber Air C,5,Moderate Risk,Low Risk,False
ALVIN-2026-02996,2026-09-18 08:09:59.000,125.5,0.43,0.4183,0.1433,0.2808,78.08,Moderate Risk,Botol Sampel C,Sumber Air C,5,Moderate Risk,Low Risk,False
ALVIN-2026-03083,2026-09-18 08:10:16.400,79.55,0.47,0.2652,0.1557,0.2104,82.62,Moderate Risk,Botol Sampel C,Sumber Air C,5,Moderate Risk,Low Risk,False
ALVIN-2026-03160,2026-09-18 08:10:31.800,145.0,0.33,0.4833,0.111,0.2972,77.09,Moderate Risk,Botol Sampel C,Sumber Air C,5,Moderate Risk,Low Risk,False
ALVIN-2026-03176,2026-09-18 08:10:35.000,50.43,0.9,0.1681,0.3,0.234,81.04,Moderate Risk,Botol Sampel B,Sumber Air B,5,Moderate Risk,Low Risk,False
ALVIN-2026-03969,2026-09-18 08:13:13.600,92.92,0.6,0.3097,0.1993,0.2545,79.71,Moderate Risk,Botol Sampel C,Sumber Air C,5,Moderate Risk,Low Risk,False
ALVIN-2026-03999,2026-09-18 08:13:19.600,72.08,0.34,0.2403,0.1129,0.1766,84.99,Moderate Risk,Botol Sampel B,Sumber Air B,5,Moderate Risk,Low Risk,False
ALVIN-2026-04030,2026-09-18 08:13:25.800,83.31,0.2,0.2777,0.0671,0.1724,85.3,Moderate Risk,Botol Sampel B,Sumber Air B,5,Moderate Risk,Low Risk,False
ALVIN-2026-04134,2026-09-18 08:13:46.600,100.85,0.58,0.3362,0.193,0.2646,79.08,Moderate Risk,Botol Sampel C,Sumber Air C,5,Moderate Risk,Low Risk,False
ALVIN-2026-04274,2026-09-18 08:14:14.600,77.93,0.61,0.2598,0.2024,0.2311,81.23,Moderate Risk,Botol Sampel B,Sumber Air B,5,Moderate Risk,Low Risk,False
ALVIN-2026-04386,2026-09-18 08:14:37.000,60.98,0.91,0.2033,0.3023,0.2528,79.82,Moderate Risk,Botol Sampel C,Sumber Air C,5,Moderate Risk,Low Risk,False
ALVIN-2026-04483,2026-09-18 08:14:56.400,137.3,0.58,0.4577,0.1925,0.3251,75.47,Moderate Risk,Botol Sampel C,Sumber Air C,5,Moderate Risk,Low Risk,False
ALVIN-2026-04727,2026-09-18 08:15:45.200,83.39,0.61,0.278,0.2021,0.24,80.65,Moderate Risk,Botol Sampel C,Sumber Air C,5,Moderate Risk,Low Risk,False
ALVIN-2026-04732,2026-09-18 08:15:46.200,96.24,0.67,0.3208,0.2226,0.2717,78.63,Moderate Risk,Botol Sampel C,Sumber Air C,5,Moderate Risk,Low Risk,False
ALVIN-2026-04825,2026-09-18 08:16:04.800,89.57,0.5,0.2986,0.1653,0.232,81.17,Moderate Risk,Botol Sampel C,Sumber Air C,5,Moderate Risk,Low Risk,False
ALVIN-2026-04882,2026-09-18 08:16:16.200,96.03,0.82,0.3201,0.2735,0.2968,77.11,Moderate Risk,Botol Sampel B,Sumber Air B,5,Moderate Risk,Low Risk,False
ALVIN-2026-05242,2026-09-18 08:17:28.200,134.23,0.37,0.4474,0.1219,0.2846,77.85,Moderate Risk,Botol Sampel C,Sumber Air C,5,Moderate Risk,Low Risk,False
ALVIN-2026-05284,2026-09-18 08:17:36.600,102.09,0.73,0.3403,0.2449,0.2926,77.36,Moderate Risk,Botol Sampel B,Sumber Air B,5,Moderate Risk,Low Risk,False
ALVIN-2026-05362,2026-09-18 08:17:52.200,99.02,0.75,0.3301,0.2507,0.2904,77.5,Moderate Risk,Botol Sampel C,Sumber Air C,5,Moderate Risk,Low Risk,False
ALVIN-2026-05477,2026-09-18 08:18:15.200,42.6,0.33,0.142,0.1087,0.1254,88.86,Moderate Risk,Botol Sampel C,Sumber Air C,5,Moderate Risk,Low Risk,False
ALVIN-2026-05570,2026-09-18 08:18:33.800,82.13,0.37,0.2738,0.1243,0.199,83.4,Moderate Risk,Botol Sampel B,Sumber Air B,5,Moderate Risk,Low Risk,False
ALVIN-2026-05577,2026-09-18 08:18:35.200,115.16,0.84,0.3839,0.2808,0.3324,75.05,Moderate Risk,Botol Sampel B,Sumber Air B,5,Moderate Risk,Low Risk,False
ALVIN-2026-05700,2026-09-18 08:18:59.800,111.0,0.64,0.37,0.2134,0.2917,77.42,Moderate Risk,Botol Sampel B,Sumber Air B,5,Moderate Risk,Low Risk,False
ALVIN-2026-05744,2026-09-18 08:19:08.600,118.19,1.17,0.394,0.3916,0.3928,71.8,Moderate Risk,Botol Sampel B,Sumber Air B,5,Moderate Risk,Low Risk,False
ALVIN-2026-05788,2026-09-18 08:19:17.400,66.4,0.1,0.2213,0.0333,0.1273,88.71,Moderate Risk,Botol Sampel B,Sumber Air B,5,Moderate Risk,Low Risk,False
ALVIN-2026-05818,2026-09-18 08:19:23.400,129.74,0.42,0.4325,0.1385,0.2855,77.79,Moderate Risk,Botol Sampel C,Sumber Air C,5,Moderate Risk,Low Risk,False
ALVIN-2026-05832,2026-09-18 08:19:26.200,86.8,0.1,0.2893,0.0333,0.1613,86.11,Moderate Risk,Botol Sampel B,Sumber Air B,5,Moderate Risk,Low Risk,False
ALVIN-2026-05847,2026-09-18 08:19:29.200,109.56,0.52,0.3652,0.175,0.2701,78.73,Moderate Risk,Botol Sampel B,Sumber Air B,5,Moderate Risk,Low Risk,False
ALVIN-2026-05875,2026-09-18 08:19:34.800,105.96,0.21,0.3532,0.071,0.2121,82.5,Moderate Risk,Botol Sampel B,Sumber Air B,5,Moderate Risk,Low Risk,False
ALVIN-2026-05928,2026-09-18 08:19:45.400,121.71,1.0,0.4057,0.3341,0.3699,73.0,Moderate Risk,Botol Sampel B,Sumber Air B,5,Moderate Risk,Low Risk,False
ALVIN-2026-05960,2026-09-18 08:19:51.800,114.04,0.98,0.3801,0.3273,0.3537,73.87,Moderate Risk,Botol Sampel C,Sumber Air C,5,Moderate Risk,Low Risk,False
ALVIN-2026-06069,2026-09-18 08:20:13.600,102.72,0.74,0.3424,0.245,0.2937,77.3,Moderate Risk,Botol Sampel C,Sumber Air C,5,Moderate Risk,Low Risk,False
ALVIN-2026-06109,2026-09-18 08:20:21.600,147.61,1.49,0.492,0.4974,0.4947,66.9,Low Risk,Botol Sampel A,Sumber Air A,5,Low Risk,Moderate Risk,False
ALVIN-2026-06113,2026-09-18 08:20:22.400,102.62,0.81,0.3421,0.27,0.3061,76.56,Moderate Risk,Botol Sampel B,Sumber Air B,5,Moderate Risk,Low Risk,False
ALVIN-2026-06154,2026-09-18 08:20:30.600,103.26,0.73,0.3442,0.2433,0.2938,77.29,Moderate Risk,Botol Sampel C,Sumber Air C,5,Moderate Risk,Low Risk,False
ALVIN-2026-06169,2026-09-18 08:20:33.600,118.79,0.85,0.396,0.2823,0.3392,74.67,Moderate Risk,Botol Sampel C,Sumber Air C,5,Moderate Risk,Low Risk,False
ALVIN-2026-06331,2026-09-18 08:21:06.000,99.64,0.84,0.3321,0.2809,0.3065,76.54,Moderate Risk,Botol Sampel B,Sumber Air B,5,Moderate Risk,Low Risk,False
ALVIN-2026-06850,2026-09-18 08:22:49.800,87.32,0.89,0.2911,0.2962,0.2936,77.3,Moderate Risk,Botol Sampel B,Sumber Air B,5,Moderate Risk,Low Risk,False
ALVIN-2026-06854,2026-09-18 08:22:50.600,100.62,0.67,0.3354,0.2232,0.2793,78.17,Moderate Risk,Botol Sampel C,Sumber Air C,5,Moderate Risk,Low Risk,False
ALVIN-2026-07098,2026-09-18 08:23:39.400,114.59,0.44,0.382,0.1476,0.2648,79.06,Moderate Risk,Botol Sampel B,Sumber Air B,5,Moderate Risk,Low Risk,False
ALVIN-2026-07112,2026-09-18 08:23:42.200,64.78,1.4,0.2159,0.4667,0.3413,74.55,Moderate Risk,Botol Sampel C,Sumber Air C,5,Moderate Risk,Low Risk,False
ALVIN-2026-07146,2026-09-18 08:23:49.000,71.56,0.63,0.2385,0.2091,0.2238,81.71,Moderate Risk,Botol Sampel B,Sumber Air B,5,Moderate Risk,Low Risk,False
ALVIN-2026-07379,2026-09-18 08:24:35.600,100.59,0.53,0.3353,0.1782,0.2568,79.57,Moderate Risk,Botol Sampel B,Sumber Air B,5,Moderate Risk,Low Risk,False
ALVIN-2026-07481,2026-09-18 08:24:56.000,93.49,0.33,0.3116,0.1093,0.2104,82.62,Moderate Risk,Botol Sampel C,Sumber Air C,5,Moderate Risk,Low Risk,False
